<addons>
	<addon id="Incendiary-Pyro" name="[B][COLORdarkgray]Pyro[/COLOR][/B]" version="1.0.0" provider-name="[B][COLORdarkgray]Pyro[/COLOR][/B]">
		<requires>
			<import addon="xbmc.addon" version="12.0.0"/>
		</requires>
		<extension point="xbmc.addon.repository" name="Incendiary-Pyro">
		<dir>
			<info compressed="false">https://raw.githubusercontent.com/totalrevolution/python-koding/master/zips/addons.xml</info>
			<checksum>https://raw.githubusercontent.com/totalrevolution/python-koding/master/zips/addons.xml.md5</checksum>
			<datadir zip="true">https://raw.githubusercontent.com/totalrevolution/python-koding/master/zips/</datadir>
		</dir>
		<dir>
			<info compressed="false">https://raw.githubusercontent.com/Incendiary-Pyro/zips/addons.xml</info>
			<checksum>https://raw.githubusercontent.com/Incendiary-Pyro/zips/addons.xml.md5</checksum>
			<datadir zip="true">https://raw.githubusercontent.com/Incendiary-Pyro/zips/</datadir>		
		</dir>
		<dir>
			<info compressed="false">https://raw.githubusercontent.com/jsergio123/zips/master/addons.xml</info>
			<checksum>https://raw.githubusercontent.com/jsergio123/zips/master/addons.xml.md5</checksum>
			<datadir zip="true">https://raw.githubusercontent.com/jsergio123/zips/master/</datadir>
		</dir>	
		<dir>
			<info compressed="false">https://raw.githubusercontent.com/teamuniversal/scrapers/master/_modules4all/zips/addons.xml</info>
			<checksum>https://raw.githubusercontent.com/teamuniversal/scrapers/master/_modules4all/zips/addons.xml.md5</checksum>
			<datadir zip="true">https://raw.githubusercontent.com/teamuniversal/scrapers/master/_modules4all/zips/</datadir>
		</dir>     	
	</extension>
	<extension point="xbmc.addon.metadata">
		<platform>all</platform>
		<description lang="en">
			The author is not responsible for the use of this addon. The author is not responsible for the content found using this addon. The author does not host or own any content found within this addon. The author is in no way affiliated with Kodi, Team Kodi, or the XBMC Foundation. The Search process is the same as a search engine with no data actual hosted by the developer. This is a Non-profit resource, organized solely for educational purposes which is protected under the Fair-Use doctrine of the Copyright Act, Specifically section 107, which does promote freedom of expression, by permitting the unlicensed use of copyright-protected works.
		</description>
	</extension>
	</addon>
	
	<addon id="plugin.video.temper" name="temper" version="1.0" provider-name="pyro"> 
	<requires>
		<import addon="xbmc.python" version="2.19.0" />
		<import addon="script.module.universalscrapers" version="1.0.2" />
        <import addon="script.module.python.koding.aio" version="0.0.1"/>
	</requires>
	<extension point="xbmc.python.pluginsource" library="default.py">
		<provides>audio video</provides>
	</extension>
	<extension point="xbmc.addon.metadata">
		<summary lang="en">Music</summary> 
		<description lang="en">Music to relax too. All videos are uploaded by their creators on YouTube. We do not host or own any content</description>
		<platform>all</platform>
		<news></news>
		<genre>music</genre>
		<video_guide></video_guide>
		<video_preview></video_preview>
	</extension>
	</addon>
</addons>